test_id,gas,oil,water,ch1_p1,ch1_p2,ch1_p3,ch1_p4,ch1_p5,ch1_p6,ch1_p7,ch1_p8,ch1_p9,ch1_p10,ch1_p11,ch1_p12,ch1_p13,ch1_p14,ch1_p15,ch1_p16,ch1_p17,ch2_p1,ch2_p2,ch2_p3,ch2_p4,ch2_p5,ch2_p6,ch2_p7,ch2_p8,ch2_p9,ch2_p10,ch2_p11,ch2_p12,ch2_p13,ch2_p14,ch2_p15,ch2_p16,ch2_p17,ch4_p1,ch4_p2,ch4_p3,ch4_p4,ch4_p5,ch4_p6,ch4_p7,ch4_p8,ch4_p9,ch4_p10,ch4_p11,ch4_p12,ch4_p13,ch4_p14,ch4_p15,ch4_p16,ch4_p17
G_02,80.95472089,0,0,500.3658369,7.194517896,1000.725067,3726.545558,1645.750924,5168.904356,2075.793486,6698.456218,2448.167595,6073.464682,8750.112724,10531.50575,8405.968345,11250.14493,7953.344642,7448.232008,13750.17383,500.3658369,5173.403407,3726.545558,1645.750924,2075.793486,6813.115956,1000.725067,0.009909804,4151.923906,4842.937861,3280.673735,6391.836964,2448.167595,7166.053635,5828.70573,7692.683757,16075.18238,1647.11187,6695.664956,2075.710905,500.3658369,7083.339802,5253.137692,3582.116767,5898.371654,6362.236379,13890.4339,48.74302391,12730.40873,7928.807966,15877.44215,7466.551933,3914.45857,15064.22709
O_06,0,7.064082237,0.208327788,455.1077609,0.006606536,910.0800877,2275.955016,3413.86811,5690.004806,7966.349608,10242.98179,12518.53051,17071.13092,13292.70754,14795.71104,19345.20308,6828.175555,5339.547882,9103.853097,14183.28513,455.0582118,0.013213072,910.0800877,4661.687541,3414.033274,7770.730072,10876.65101,17092.26523,13984.07825,5690.004806,4206.92332,1553.9498,2275.955016,10242.98179,12518.53051,13295.72673,14794.98762,455.035089,0.009909804,19273.46931,17335.35603,971.3722271,18305.64149,7598.976648,9152.80753,11090.79198,15197.87071,7213.607483,8737.127577,2730.445066,15622.16889,3293.199727,6793.84469,18804.79502
W_03,0,0,30.00074186,443.2985774,886.5971549,6.907133573,2462.483959,1226.559597,3409.547436,8750.112724,6250.080517,3825.14811,4962.516165,11250.14493,5682.281765,16250.21265,13750.17714,7955.514889,18750.24485,10228.35492,443.2985774,886.5971549,0.013213072,1226.559597,2462.483959,4659.03832,3409.471461,3825.14811,7764.285396,6250.080517,5037.615965,10871.03546,17083.06233,13977.39243,8750.112724,5682.281765,1600.641495,443.2985774,886.5971549,2462.483959,0.01651634,1584.835357,1226.5629,3825.14811,4962.516165,6250.080517,8750.112724,19461.23367,17174.47367,18316.96839,11250.14493,7605.299103,9962.580579,2801.220888
